unix_time,value
1529823601.0,2.5829545454545446
1530039601.0,2.6099861303744802
1530255601.0,2.5994459833795003
1530471601.0,2.5788888888888915
1530687601.0,2.5862068965517233
1530903601.0,2.553363228699553
