unix_time,value
1529823601.0,1000.7783464566952
1530147601.0,999.655855689178
1530471601.0,1000.7562983425422
1530795601.0,1004.4133365664412
