unix_time,value
1529823601.0,62.30394736842103
1530018001.0,59.62446841294292
1530212401.0,54.90748844375972
1530406801.0,69.19272024729518
1530601201.0,63.16363358778627
1530795601.0,61.10540706605223
