unix_time,value
1529823601.0,2.6011005692599594
1530039601.0,4.05733703190014
1530255601.0,4.073138888888887
1530471601.0,2.9832222222222238
1530687601.0,3.5194896551724146
1530903601.0,2.8022537313432863
