unix_time,value
1529823601.0,2193.3742765273314
1529974801.0,2191.653754940712
1530126001.0,2193.0348514851507
1530277201.0,2198.7408730158727
1530428401.0,2193.749306930692
1530579601.0,2196.4845238095245
1530730801.0,2193.263241106719
1530882001.0,2198.921021611001
