unix_time,value
1529823601.0,19.664692982456145
1530018001.0,18.93718027734979
1530212401.0,21.022157164869018
1530406801.0,18.657789799072628
1530601201.0,18.55036641221374
1530795601.0,20.868125960061455
