unix_time,value
1529823601.0,19.517530201342293
1530104401.0,20.014962646744944
1530385201.0,18.921856990394865
1530666001.0,19.79695652173912
