unix_time,value
1529823601.0,19.4876060848679
1530255601.0,19.463860013859993
1530687601.0,20.574258064516133
