unix_time,value
1529823601.0,7.646460767946575
1530061201.0,12.894123581336684
1530298801.0,8.44522123893805
1530536401.0,10.5362311557789
1530774001.0,6.288331242158104
