unix_time,value
1529823601.0,2.5981208053691263
1530104401.0,2.6055437100213226
1530385201.0,2.5871794871794855
1530666001.0,2.5738575982996794
