unix_time,value
1529823601.0,19.237402714932113
1530212401.0,19.841797839506157
1530601201.0,19.705696784073503
