unix_time,value
1529823601.0,2.590217391304347
1529910001.0,1.9556013745704457
1529996401.0,4.004618055555552
1530082801.0,4.0776816608996524
1530169201.0,4.017222222222227
1530255601.0,4.577951388888889
1530342001.0,4.142326388888891
1530428401.0,2.355679442508713
1530514801.0,2.4099999999999984
1530601201.0,4.154756944444444
1530687601.0,4.496254295532647
1530774001.0,3.209270833333332
1530860401.0,2.389344827586208
1530946801.0,2.6203780068728535
1531033201.0,3.15327659574468
