unix_time,value
1529823601.0,10.307772435897444
1530255601.0,9.377875000000003
1530687601.0,8.069899641577061
