unix_time,value
1529823601.0,1000.9931832797433
1529974801.0,1000.5990513833987
1530126001.0,1000.0879563492064
1530277201.0,999.0399603960406
1530428401.0,1001.5451689860835
1530579601.0,998.8360826771666
1530730801.0,1005.5272834645667
1530882001.0,1004.0019762845848
