unix_time,value
1529823601.0,60.04176720475784
1530234001.0,63.27693206720237
1530644401.0,60.383507625272316
