unix_time,value
1529823601.0,2190.3462365591404
1529910001.0,2193.775172413794
1529996401.0,2193.3031141868505
1530082801.0,2190.656551724137
1530169201.0,2193.1
1530255601.0,2196.440972222223
1530342001.0,2199.7374999999993
1530428401.0,2194.566550522649
1530514801.0,2192.608275862068
1530601201.0,2197.665972222223
1530687601.0,2194.5069444444443
1530774001.0,2193.095862068965
1530860401.0,2196.4901023890798
1530946801.0,2200.3520833333323
1531033201.0,2194.0340425531904
