unix_time,value
1529823601.0,59.57349079263414
1530255601.0,63.50249480249488
1530687601.0,59.71793548387107
