unix_time,value
1529823601.0,3.1714338235294104
1530126001.0,4.186180555555554
1530428401.0,3.1619603960396083
1530730801.0,3.0213806706114403
