unix_time,value
1529823601.0,20.011018276762407
1529996401.0,18.986245674740488
1530169201.0,20.270398613518196
1530342001.0,19.709739130434798
1530514801.0,18.58200345423142
1530687601.0,18.842289156626506
1530860401.0,21.953892733564018
