unix_time,value
1529823601.0,61.17358333333325
1530061201.0,58.48528967254407
1530298801.0,62.59573957016437
1530536401.0,64.42601503759388
1530774001.0,60.75214824120601
