unix_time,value
1529823601.0,1000.8507833333333
1530061201.0,1000.1767254408057
1530298801.0,1000.1308596713028
1530536401.0,1000.0626566416051
1530774001.0,1005.4193592964837
