unix_time,value
1529823601.0,3.0672580645161243
1530104401.0,4.241955128205129
1530385201.0,2.918995726495727
1530666001.0,3.5256110520722657
