unix_time,value
1529823601.0,2.5255230125523007
1529953201.0,2.6106235565819826
1530082801.0,2.6120092378752893
1530212401.0,2.6382488479262673
1530342001.0,2.5749999999999993
1530471601.0,2.5911832946635744
1530601201.0,2.5548387096774197
1530730801.0,2.5806896551724163
1530860401.0,2.5866359447004608
1530990001.0,2.5505263157894724
