unix_time,value
1529823601.0,1000.8059821428576
1530082801.0,999.8767205542724
1530342001.0,1000.5087833140211
1530601201.0,1002.0720871559655
1530860401.0,1003.6985503685502
