unix_time,value
1529823601.0,19.998242677824276
1529953201.0,19.530877598152436
1530082801.0,18.52397228637414
1530212401.0,20.962956120092375
1530342001.0,19.903379629629622
1530471601.0,18.653712296983766
1530601201.0,18.539449541284412
1530730801.0,19.07853211009175
1530860401.0,21.507373271889396
1530990001.0,22.156631578947373
