unix_time,value
1529823601.0,3.7725000000000004
1529910001.0,2.689381443298969
1529996401.0,7.188819444444444
1530082801.0,7.255951557093423
1530169201.0,7.181736111111111
1530255601.0,8.223159722222228
1530342001.0,7.309895833333337
1530428401.0,3.2640418118466883
1530514801.0,3.4164705882352964
1530601201.0,7.556388888888885
1530687601.0,7.951065292096216
1530774001.0,5.131631944444447
1530860401.0,3.4937931034482745
1530946801.0,4.050756013745705
1531033201.0,5.222382978723406
