unix_time,value
1529823601.0,6.9994307400379485
1530039601.0,12.7259361997226
1530255601.0,10.97702777777777
1530471601.0,7.778722222222214
1530687601.0,8.739737931034481
1530903601.0,7.345074626865662
