unix_time,value
1529823601.0,3.6342765273311874
1529974801.0,12.728475247524752
1530126001.0,12.43839285714285
1530277201.0,12.25408730158731
1530428401.0,4.563710317460313
1530579601.0,11.705355731225298
1530730801.0,7.920532544378699
1530882001.0,6.482465483234709
1531033201.0,8.92451063829787
