unix_time,value
1529823601.0,60.73020814479631
1530212401.0,62.039081790123554
1530601201.0,62.13767228177641
