unix_time,value
1529823601.0,2.5927601809954752
1530212401.0,2.601542020046258
1530601201.0,2.5740598618572537
