unix_time,value
1529823601.0,564.0584937238494
1529953201.0,535.621847575058
1530082801.0,523.5767205542728
1530212401.0,503.14886836027745
1530342001.0,432.6917129629634
1530471601.0,449.8762180974477
1530601201.0,439.8445265588917
1530730801.0,567.1205504587156
1530860401.0,589.6694470046081
1530990001.0,545.1090789473685
