unix_time,value
1529823601.0,3.16682634730539
1529931601.0,4.479666666666666
1530039601.0,7.211994459833796
1530147601.0,7.2786111111111165
1530255601.0,8.008500000000005
1530363601.0,6.163972222222219
1530471601.0,3.359666666666666
1530579601.0,6.28425
1530687601.0,7.534214876033059
1530795601.0,4.158149171270721
1530903601.0,3.669779614325068
1531011601.0,5.337459283387623
