unix_time,value
1529823601.0,60.79113262342682
1530190801.0,61.218088235294154
1530558001.0,63.1330575831306
