unix_time,value
1529823601.0,2.63695652173913
1529910001.0,2.5347079037800686
1529996401.0,2.608304498269897
1530082801.0,2.6421052631578963
1530169201.0,2.5979452054794505
1530255601.0,2.6358620689655154
1530342001.0,2.5784722222222216
1530428401.0,2.5756097560975615
1530514801.0,2.59513888888889
1530601201.0,2.560553633217992
1530687601.0,2.572508591065291
1530774001.0,2.570242214532872
1530860401.0,2.604152249134949
1530946801.0,2.529411764705882
1531033201.0,2.5771186440677956
