unix_time,value
1529823601.0,2192.348764044944
1530147601.0,2195.8611111111077
1530471601.0,2194.9539315448674
1530795601.0,2196.1413926499035
