unix_time,value
1529823601.0,19.293242981606976
1530190801.0,19.891323529411775
1530558001.0,19.23076236820761
