unix_time,value
1529823601.0,1000.7475234131133
1530169201.0,999.9680989583337
1530514801.0,1001.7234310344845
