unix_time,value
1529823601.0,562.8328617363343
1529974801.0,530.1511067193675
1530126001.0,515.9587103174604
1530277201.0,457.85087128712854
1530428401.0,447.9246123260432
1530579601.0,441.0240198019802
1530730801.0,570.8092519685038
1530882001.0,576.0471146245058
