unix_time,value
1529823601.0,2.5413173652694603
1529931601.0,2.6022160664819918
1530039601.0,2.6105263157894725
1530147601.0,2.609444444444444
1530255601.0,2.5966850828729267
1530363601.0,2.602222222222222
1530471601.0,2.5883008356545973
1530579601.0,2.569529085872576
1530687601.0,2.5752066115702466
1530795601.0,2.5972375690607716
1530903601.0,2.5506925207756233
1531011601.0,2.5564935064935055
