unix_time,value
1529823601.0,2.505230125523014
1529953201.0,6.021550925925927
1530082801.0,7.554110854503458
1530212401.0,7.552430555555549
1530342001.0,6.328287037037039
1530471601.0,2.9990046296296295
1530601201.0,7.591059907834098
1530730801.0,6.174110854503461
1530860401.0,3.4248970251716195
1530990001.0,5.072691292875991
