unix_time,value
1529823601.0,19.445388076490442
1530147601.0,20.02368177613324
1530471601.0,18.591381215469614
1530795601.0,21.3430358874879
