unix_time,value
1529823601.0,61.23827417380657
1530126001.0,56.768543111992116
1530428401.0,67.13851632047465
1530730801.0,60.070848126232804
