unix_time,value
1529823601.0,548.9045499999996
1530061201.0,520.5176952141061
1530298801.0,445.5047281921619
1530536401.0,463.70628930817645
1530774001.0,579.9462939698491
