unix_time,value
1529823601.0,2.1080417754569156
1529996401.0,4.041213171577122
1530169201.0,4.297586805555553
1530342001.0,3.2505565217391337
1530514801.0,3.2808665511265165
1530687601.0,3.856096718480137
1530860401.0,2.505060240963855
