unix_time,value
1529823601.0,21.0616129032258
1529910001.0,19.674103448275865
1529996401.0,19.281072664359865
1530082801.0,18.691418685121118
1530169201.0,19.797743055555543
1530255601.0,20.74141868512109
1530342001.0,20.852951388888883
1530428401.0,18.562543554006954
1530514801.0,18.41982638888888
1530601201.0,18.742508591065302
1530687601.0,18.67481099656357
1530774001.0,19.010344827586206
1530860401.0,21.865570934256063
1530946801.0,22.042214532871956
1531033201.0,21.459194915254237
