unix_time,value
1529823601.0,1000.6541461342428
1530234001.0,999.812658875091
1530644401.0,1003.4654320987648
