unix_time,value
1529823601.0,3.442403846153846
1530255601.0,3.5281805555555525
1530687601.0,3.1750107526881717
