unix_time,value
1529823601.0,5.09186827956989
1530104401.0,7.5689743589743586
1530385201.0,4.614155982905985
1530666001.0,5.900510095642946
