unix_time,value
1529823601.0,2.5816666666666657
1530061201.0,2.6276729559748437
1530298801.0,2.574715549936788
1530536401.0,2.579396984924626
1530774001.0,2.5750943396226402
