unix_time,value
1529823601.0,2192.1852998065774
1530190801.0,2195.8225306122463
1530558001.0,2195.2396425670204
