unix_time,value
1529823601.0,61.548817204301066
1529910001.0,62.503413793103405
1529996401.0,58.84044982698962
1530082801.0,60.910276816609006
1530169201.0,55.3795138888889
1530255601.0,55.96785467128026
1530342001.0,58.08725694444445
1530428401.0,70.64752613240418
1530514801.0,69.17555555555552
1530601201.0,63.683367697594456
1530687601.0,61.94250859106529
1530774001.0,63.30203448275857
1530860401.0,59.11314878892734
1530946801.0,57.4119723183391
1531033201.0,56.135169491525446
