unix_time,value
1529823601.0,5.517739583333336
1530169201.0,6.4975152041702815
1530514801.0,6.016669550173022
