unix_time,value
1529823601.0,1000.7543096234313
1529953201.0,1000.8345034642026
1530082801.0,1000.4990993071599
1530212401.0,999.2543418013851
1530342001.0,999.7339583333328
1530471601.0,1001.2854060324823
1530601201.0,998.8154128440375
1530730801.0,1005.3287614678896
1530860401.0,1005.1732949308763
1530990001.0,1002.0142368421048
