unix_time,value
1529823601.0,5.311323529411762
1530126001.0,7.445287698412702
1530428401.0,5.1669900990099
1530730801.0,4.79818540433925
