unix_time,value
1529823601.0,1000.5762209767844
1530255601.0,999.7194109494116
1530687601.0,1003.8542007168456
