unix_time,value
1529823601.0,3.611274725274725
1530018001.0,7.438921417565483
1530212401.0,7.587777777777774
1530406801.0,3.6653703703703773
1530601201.0,7.54402457757296
1530795601.0,3.910306278713639
