unix_time,value
1529823601.0,1000.2949462365593
1529910001.0,1001.0918965517246
1529996401.0,1000.6835294117641
1530082801.0,1000.6115916955014
1530169201.0,1000.0046180555552
1530255601.0,999.0143944636679
1530342001.0,999.0855902777777
1530428401.0,1001.7773867595812
1530514801.0,1000.667777777778
1530601201.0,998.0785910652925
1530687601.0,1001.6820962199308
1530774001.0,1006.4706896551726
1530860401.0,1005.9344982698963
1530946801.0,1002.7489619377169
1531033201.0,1002.1233050847455
