unix_time,value
1529823601.0,2192.815333333334
1530061201.0,2192.5836272040306
1530298801.0,2197.0656565656577
1530536401.0,2195.1203026481717
1530774001.0,2196.2916145181484
