unix_time,value
1529823601.0,2.5803571428571415
1530082801.0,2.625144175317187
1530342001.0,2.58308227114716
1530601201.0,2.567779056386653
1530860401.0,2.569778869778871
