unix_time,value
1529823601.0,60.83037460978143
1530169201.0,60.00779513888891
1530514801.0,64.51489655172408
