unix_time,value
1529823601.0,10.260208333333345
1530212401.0,8.563395061728393
1530601201.0,9.21792177914111
