unix_time,value
1529823601.0,2192.405772495754
1530234001.0,2195.8477720964256
1530644401.0,2196.3579636363656
