unix_time,value
1529823601.0,557.0642391304344
1529910001.0,562.9894845360825
1529996401.0,524.7556747404841
1530082801.0,525.6833910034603
1530169201.0,512.1091666666666
1530255601.0,502.2914878892734
1530342001.0,427.9477083333335
1530428401.0,446.48470383275253
1530514801.0,449.4077083333335
1530601201.0,440.43667820069214
1530687601.0,497.45665517241355
1530774001.0,572.9952068965514
1530860401.0,590.5399307958476
1530946801.0,565.8143252595152
1531033201.0,546.0661440677969
