unix_time,value
1529823601.0,5.343547297297298
1530147601.0,7.15036111111111
1530471601.0,5.731052631578953
1530795601.0,4.33718992248062
