unix_time,value
1529823601.0,19.494071969696975
1530039601.0,19.48287101248267
1530255601.0,20.239292649098466
1530471601.0,18.689501385041545
1530687601.0,19.117988980716255
1530903601.0,22.15460388639759
