unix_time,value
1529823601.0,2.5592689295039155
1529996401.0,2.6250871080139375
1530169201.0,2.616838487972509
1530342001.0,2.57704347826087
1530514801.0,2.577816291161181
1530687601.0,2.5713793103448275
1530860401.0,2.566782006920414
