unix_time,value
1529823601.0,2.949556135770236
1529996401.0,7.222443674176774
1530169201.0,7.702447916666665
1530342001.0,5.2904869565217405
1530514801.0,5.482842287694977
1530687601.0,6.548652849740932
1530860401.0,3.7727538726333902
