unix_time,value
1529823601.0,2192.3617463617466
1530169201.0,2195.9624674196334
1530514801.0,2194.4636678200704
