unix_time,value
1529823601.0,2.567202572347266
1529974801.0,2.6217391304347832
1530126001.0,2.6146825396825397
1530277201.0,2.5885375494071146
1530428401.0,2.5825049701789258
1530579601.0,2.562055335968381
1530730801.0,2.5767258382643017
1530882001.0,2.568774703557312
