unix_time,value
1529823601.0,2.5987460815046997
1530169201.0,2.5970613656006925
1530514801.0,2.5745894554883337
