unix_time,value
1529823601.0,60.796011904761805
1530082801.0,57.42157043879912
1530342001.0,65.96469293163386
1530601201.0,62.975596330275245
1530860401.0,57.64577395577397
