unix_time,value
1529823601.0,2.922071535022351
1530082801.0,4.224115606936417
1530342001.0,2.9693981481481493
1530601201.0,3.9553056516724316
1530860401.0,2.6917401960784315
