unix_time,value
1529823601.0,535.2532795242142
1530234001.0,457.8811322132942
1530644401.0,543.3042867540038
