unix_time,value
1529823601.0,1.9206276150627604
1529953201.0,3.47611111111111
1530082801.0,4.191916859122401
1530212401.0,4.256388888888886
1530342001.0,3.7365972222222243
1530471601.0,2.2021990740740747
1530601201.0,4.195875576036864
1530730801.0,3.714180138568128
1530860401.0,2.333295194508009
1530990001.0,3.105039577836412
