unix_time,value
1529823601.0,1000.898381201045
1529996401.0,1000.647560553632
1530169201.0,999.5086481802426
1530342001.0,1000.4291478260876
1530514801.0,999.3664766839386
1530687601.0,1004.0722719449224
1530860401.0,1004.3417301038066
