unix_time,value
1529823601.0,5.860153061224491
1530234001.0,5.569846491228068
1530644401.0,5.691351744186058
