unix_time,value
1529823601.0,2192.7581589958168
1529953201.0,2193.2849884526563
1530082801.0,2190.7230414746537
1530212401.0,2196.075000000001
1530342001.0,2197.871759259261
1530471601.0,2193.3967667436486
1530601201.0,2197.1634259259276
1530730801.0,2193.0161290322576
1530860401.0,2197.978032036612
1530990001.0,2196.1862796833766
