unix_time,value
1529823601.0,19.42375764993881
1530126001.0,20.288136769078317
1530428401.0,18.51192878338279
1530730801.0,20.717544378698243
