unix_time,value
1529823601.0,1.9445337620578749
1529974801.0,3.9270099009900967
1530126001.0,4.005932539682541
1530277201.0,4.3664285714285676
1530428401.0,2.5502976190476208
1530579601.0,3.7712055335968353
1530730801.0,3.3941617357001967
1530882001.0,2.6485996055226817
