unix_time,value
1529823601.0,3.4174058577405857
1529953201.0,10.959791666666668
1530082801.0,13.339214780600464
1530212401.0,12.381249999999993
1530342001.0,9.471273148148152
1530471601.0,3.8376620370370365
1530601201.0,13.365760368663594
1530730801.0,8.743464203233254
1530860401.0,5.568672768878712
1530990001.0,8.390897097625338
