unix_time,value
1529823601.0,1000.6857285067898
1530212401.0,1000.0896682098769
1530601201.0,1003.1026569678432
