unix_time,value
1529823601.0,61.09193288590599
1530104401.0,56.87875133404488
1530385201.0,67.03816435432228
1530666001.0,61.383149522799684
