unix_time,value
1529823601.0,5.9017387820512806
1530255601.0,5.954097222222222
1530687601.0,5.169103942652329
