unix_time,value
1529823601.0,8.91891129032258
1530104401.0,12.657670940170934
1530385201.0,6.996250000000008
1530666001.0,9.084378320935171
1530946801.0,7.691273764258563
