unix_time,value
1529823601.0,4.604386422976501
1529996401.0,12.91337954939341
1530169201.0,12.95394097222222
1530342001.0,7.821200000000003
1530514801.0,9.003604852686301
1530687601.0,9.747582037996544
1530860401.0,6.052323580034416
1531033201.0,8.92451063829787
