unix_time,value
1529823601.0,545.7354761904762
1530082801.0,513.3627944572747
1530342001.0,441.27400926998877
1530601201.0,503.7022324510932
1530860401.0,568.8673095823094
