unix_time,value
1529823601.0,2192.595167785236
1530104401.0,2195.2288153681952
1530385201.0,2194.891568836715
1530666001.0,2195.0691410392383
