unix_time,value
1529823601.0,20.09292604501608
1529974801.0,19.012470355731224
1530126001.0,19.504940476190484
1530277201.0,21.06978217821783
1530428401.0,18.498091451292243
1530579601.0,18.52562992125985
1530730801.0,19.161692913385824
1530882001.0,22.279545454545463
