unix_time,value
1529823601.0,19.69709821428572
1530082801.0,19.743464203233255
1530342001.0,19.279269988412523
1530601201.0,18.808990825688078
1530860401.0,21.810466830466822
