unix_time,value
1529823601.0,63.057664670658625
1529931601.0,61.65667590027702
1530039601.0,59.249584487534584
1530147601.0,56.19305555555554
1530255601.0,55.998725761772846
1530363601.0,64.22494444444443
1530471601.0,69.10167130919221
1530579601.0,64.71096418732782
1530687601.0,62.74813186813191
1530795601.0,62.4509392265193
1530903601.0,57.99562326869807
1531011601.0,54.94331168831168
