unix_time,value
1529823601.0,2192.308690330478
1530126001.0,2195.8850346878107
1530428401.0,2195.115559960358
1530730801.0,2196.1004926108394
