unix_time,value
1529823601.0,2.6007744433688282
1530190801.0,2.590857142857143
1530558001.0,2.587967479674798
