unix_time,value
1529823601.0,9.262426470588235
1530126001.0,12.346240079365074
1530428401.0,8.141603960396033
1530730801.0,7.201499013806715
