unix_time,value
1529823601.0,552.375473484848
1530039601.0,519.4035090152569
1530255601.0,460.58954230235815
1530471601.0,446.08729166666654
1530687601.0,548.793641379311
1530903601.0,561.4553662182359
