unix_time,value
1529823601.0,1000.6875217812218
1530190801.0,1000.1241503267979
1530558001.0,1002.6177939983817
