unix_time,value
1529823601.0,10.2354761904762
1530234001.0,8.637280701754381
1530644401.0,9.03425872093024
