unix_time,value
1529823601.0,3.4201177536231904
1530212401.0,3.398395061728393
1530601201.0,3.4117331288343595
