unix_time,value
1529823601.0,2.557620578778136
1529974801.0,7.007168316831683
1530126001.0,7.128630952380957
1530277201.0,7.76194444444445
1530428401.0,3.646924603174603
1530579601.0,6.681047430830039
1530730801.0,5.533609467455616
1530882001.0,4.06276134122288
