unix_time,value
1529823601.0,539.7052445369407
1530169201.0,472.2567100694449
1530514801.0,490.187260155575
