unix_time,value
1529823601.0,542.5917747858017
1530126001.0,486.87599603567884
1530428401.0,444.46747023809496
1530730801.0,573.4230177514788
