unix_time,value
1529823601.0,20.42017964071857
1529931601.0,19.065650969529102
1530039601.0,19.374182825484773
1530147601.0,19.591861111111108
1530255601.0,20.594293628808863
1530363601.0,19.88330555555557
1530471601.0,18.696183844011152
1530579601.0,18.682892561983486
1530687601.0,18.396758241758235
1530795601.0,19.843204419889506
1530903601.0,22.392825484764526
1531011601.0,21.875389610389615
