unix_time,value
1529823601.0,555.8308333333331
1530018001.0,523.8583975346689
1530212401.0,478.2434668721114
1530406801.0,445.59956723338456
1530601201.0,479.7481413210445
1530795601.0,584.8431595092019
