unix_time,value
1529823601.0,3.269958333333334
1530169201.0,3.774526498696783
1530514801.0,3.5689792387543235
