unix_time,value
1529823601.0,2192.16582278481
1530212401.0,2195.779336931383
1530601201.0,2196.0552570990044
