unix_time,value
1529823601.0,2193.0976190476204
1530082801.0,2193.3928406466516
1530342001.0,2195.631676300579
1530601201.0,2195.0849884526597
1530860401.0,2197.1458333333344
