unix_time,value
1529823601.0,2192.5318399999974
1530255601.0,2196.200000000002
1530687601.0,2195.7581061692977
