unix_time,value
1529823601.0,2.28880239520958
1529931601.0,2.7459722222222234
1530039601.0,4.052299168975068
1530147601.0,4.06238888888889
1530255601.0,4.478527777777778
1530363601.0,3.667750000000003
1530471601.0,2.4003611111111116
1530579601.0,3.5660833333333324
1530687601.0,4.3106611570247955
1530795601.0,2.726132596685083
1530903601.0,2.4471625344352623
1531011601.0,3.222117263843647
