unix_time,value
1529823601.0,62.941446945337624
1529974801.0,60.19146245059279
1530126001.0,56.8850992063492
1530277201.0,56.6522178217822
1530428401.0,70.05999999999996
1530579601.0,64.24578740157483
1530730801.0,62.386161417322825
1530882001.0,57.746383399209506
