unix_time,value
1529823601.0,3.353187984496125
1530190801.0,3.6351470588235264
1530558001.0,3.428096013018715
