unix_time,value
1529823601.0,4.769090909090909
1530082801.0,7.553271676300581
1530342001.0,4.6636458333333355
1530601201.0,6.883402537485588
1530860401.0,4.190232843137255
