unix_time,value
1529823601.0,9.598437500000008
1530169201.0,10.389800173761945
1530514801.0,9.376237024221439
1530860401.0,6.879485294117636
