unix_time,value
1529823601.0,62.09979166666663
1530039601.0,57.723439667128865
1530255601.0,60.1061303744799
1530471601.0,66.89415512465366
1530687601.0,62.59994490358135
1530903601.0,56.59037369207769
