unix_time,value
1529823601.0,2.568421052631578
1530018001.0,2.609861325115563
1530212401.0,2.6052307692307703
1530406801.0,2.597836166924264
1530601201.0,2.56871165644172
1530795601.0,2.579416282642088
