unix_time,value
1529823601.0,3.421896258503403
1530234001.0,3.359597953216367
1530644401.0,3.406249999999996
