unix_time,value
1529823601.0,8.273308494783905
1530082801.0,12.86078612716761
1530342001.0,6.654467592592592
1530601201.0,11.05727797001153
1530860401.0,6.879485294117636
