unix_time,value
1529823601.0,2.5985588470776624
1530255601.0,2.5891816920943107
1530687601.0,2.5704447632711607
