unix_time,value
1529823601.0,1000.764956140352
1530018001.0,1000.6300616332817
1530212401.0,999.1100154083213
1530406801.0,1001.0723493044825
1530601201.0,1000.4081374045822
1530795601.0,1005.8137327188954
