unix_time,value
1529823601.0,60.94239595050616
1530147601.0,58.802978723404316
1530471601.0,65.50451197053397
1530795601.0,58.648108632395726
