unix_time,value
1529823601.0,2192.532934131737
1529931601.0,2192.9567867036017
1530039601.0,2191.6574585635362
1530147601.0,2192.9844444444466
1530255601.0,2197.481111111112
1530363601.0,2197.117777777779
1530471601.0,2193.593351800554
1530579601.0,2196.6150000000002
1530687601.0,2194.657222222222
1530795601.0,2193.110989010987
1530903601.0,2199.685950413224
1531011601.0,2195.5433224755707
