unix_time,value
1529823601.0,19.661799999999992
1530061201.0,19.28413098236776
1530298801.0,20.067383059418475
1530536401.0,18.645062656641592
1530774001.0,20.76520100502513
