unix_time,value
1529823601.0,533.3420176140912
1530255601.0,453.3434489937538
1530687601.0,554.8701793400295
