unix_time,value
1529823601.0,1000.7490820073465
1530126001.0,999.5634390485636
1530428401.0,1000.1839268051436
1530730801.0,1004.7661341222882
