unix_time,value
1529823601.0,10.004738372093033
1530190801.0,9.52136437908497
1530558001.0,9.104385679414154
