unix_time,value
1529823601.0,2.600979192166462
1530126001.0,2.601584158415844
1530428401.0,2.57224975222993
1530730801.0,2.572754195459033
