unix_time,value
1529823601.0,4.2774251497005995
1529931601.0,8.262138888888888
1530039601.0,12.566481994459838
1530147601.0,12.885833333333322
1530255601.0,12.874444444444443
1530363601.0,9.079611111111115
1530471601.0,4.265833333333331
1530579601.0,11.291611111111111
1530687601.0,11.3125344352617
1530795601.0,6.159834254143652
1530903601.0,6.004214876033056
1531011601.0,8.930521172638446
1531119601.0,nan
