unix_time,value
1529823601.0,2192.822727272727
1530039601.0,2192.3191135734082
1530255601.0,2197.299444444448
1530471601.0,2195.10208044383
1530687601.0,2193.879834254144
1530903601.0,2197.7877611940307
