unix_time,value
1529823601.0,3.1910585585585585
1530147601.0,4.069555555555551
1530471601.0,3.4281532779316732
1530795601.0,2.775552325581395
