unix_time,value
1529823601.0,538.0673572120041
1530190801.0,467.05683823529455
1530558001.0,513.3536422764232
