unix_time,value
1529823601.0,561.566187989556
1529996401.0,525.2195328719722
1530169201.0,507.19181975736575
1530342001.0,437.2000869565219
1530514801.0,444.91441941074555
1530687601.0,535.2259310344833
1530860401.0,578.1771280276819
