unix_time,value
1529823601.0,541.1953880764904
1530147601.0,478.3594264569845
1530471601.0,467.8490665434382
1530795601.0,570.2123934108522
