unix_time,value
1529823601.0,6.06586813186813
1530018001.0,13.20077041602466
1530212401.0,12.31574074074073
1530406801.0,4.811049382716047
1530601201.0,12.364454685099847
1530795601.0,6.081026033690661
1530990001.0,8.390897097625338
