unix_time,value
1529823601.0,2.594150731158604
1530147601.0,2.602772643253237
1530471601.0,2.5776546629732264
1530795601.0,2.568768186226964
