unix_time,value
1529823601.0,4.0636432637571165
1530039601.0,7.245256588072117
1530255601.0,7.086236111111116
1530471601.0,4.821958333333336
1530687601.0,5.848510344827588
1530903601.0,4.433925373134329
