unix_time,value
1529823601.0,19.394661810613947
1530169201.0,19.990555555555563
1530514801.0,18.71237068965514
