unix_time,value
1529823601.0,2193.0144736842103
1530018001.0,2191.570461538461
1530212401.0,2197.7274691358007
1530406801.0,2193.8342064714952
1530601201.0,2195.9944444444477
1530795601.0,2196.115419847328
