unix_time,value
1529823601.0,4.437479131886477
1530061201.0,7.38621689785624
1530298801.0,5.685284450063209
1530536401.0,6.583731155778903
1530774001.0,4.088506900878298
