unix_time,value
1529823601.0,537.052452488688
1530212401.0,461.9467052469142
1530601201.0,532.3359785111286
