unix_time,value
1529823601.0,2192.9425587467363
1529996401.0,2191.9775474956828
1530169201.0,2194.770486111111
1530342001.0,2197.1565217391317
1530514801.0,2195.1283737024223
1530687601.0,2193.7989619377167
1530860401.0,2198.40447504303
