unix_time,value
1529823601.0,9.262612612612612
1530147601.0,11.613296296296298
1530471601.0,8.96318559556786
1530795601.0,6.929321705426358
