unix_time,value
1529823601.0,5.714263565891475
1530190801.0,6.143717320261432
1530558001.0,5.744035801464621
