unix_time,value
1529823601.0,1000.3756287425153
1529931601.0,1001.008698060942
1530039601.0,1000.7342936288089
1530147601.0,1000.0770833333335
1530255601.0,998.7136565096961
1530363601.0,1000.1794444444431
1530471601.0,1001.751532033426
1530579601.0,998.2536639118467
1530687601.0,1002.2704945054937
1530795601.0,1007.0147513812159
1530903601.0,1003.9819944598331
1531011601.0,1001.8613961038956
