unix_time,value
1529823601.0,2.7736560934891465
1530061201.0,4.1273266078184125
1530298801.0,3.436890012642224
1530536401.0,3.80922110552764
1530774001.0,2.6744542032622345
