unix_time,value
1529823601.0,543.6960402684565
1530104401.0,500.61592315901794
1530385201.0,442.4450961538462
1530666001.0,544.3675770456962
