unix_time,value
1529823601.0,1000.7377046979883
1530104401.0,999.6100853788686
1530385201.0,1000.2425506937034
1530666001.0,1004.2251961823956
