unix_time,value
1529823601.0,1000.8084659090915
1530039601.0,1000.4061442441055
1530255601.0,999.4455339805843
1530471601.0,999.9929085872581
1530687601.0,1004.6360881542697
1530903601.0,1003.0056950672634
