unix_time,value
1529823601.0,2.5909940526762942
1530234001.0,2.6013138686131367
1530644401.0,2.5647743813682666
