unix_time,value
1529823601.0,5.8614039855072475
1530212401.0,5.626574074074069
1530601201.0,5.724378834355842
