unix_time,value
1529823601.0,62.27161879895557
1529996401.0,59.87536332179924
1530169201.0,55.67419410745236
1530342001.0,64.3564695652174
1530514801.0,66.41523316062168
1530687601.0,62.62110154905341
1530860401.0,58.26256055363325
