unix_time,value
1529823601.0,19.384961767204754
1530234001.0,19.541475529583625
1530644401.0,20.28836601307189
