unix_time,value
1529823601.0,63.94933054393304
1529953201.0,59.05549653579673
1530082801.0,60.62808314087763
1530212401.0,54.2150577367206
1530342001.0,62.87456018518519
1530471601.0,69.06199535962877
1530601201.0,63.48311926605504
1530730801.0,62.46807339449542
1530860401.0,60.45410138248848
1530990001.0,54.438368421052665
