unix_time,value
1529823601.0,2.398021978021975
1530018001.0,4.136687211093991
1530212401.0,4.272577160493823
1530406801.0,2.5242129629629617
1530601201.0,4.241689708141318
1530795601.0,2.584318529862177
