unix_time,value
1529823601.0,560.2994011976048
1529931601.0,548.7098337950139
1530039601.0,524.8433518005539
1530147601.0,513.9485555555556
1530255601.0,489.5427977839338
1530363601.0,431.5558611111115
1530471601.0,450.22896935933176
1530579601.0,441.9685595567866
1530687601.0,511.1321546961328
1530795601.0,586.3513774104683
1530903601.0,576.2445706371192
1531011601.0,544.1212662337667
