unix_time,value
1529823601.0,0.3428015564202329
1530212401.0,0.12677469135802474
1530601201.0,0.1464506172839506
