unix_time,value
1529823601.0,0.2741176470588234
1530104401.0,0.30118790496760217
1530385201.0,0.10737179487179485
1530666001.0,0.1678418803418803
