unix_time,value
1529823601.0,1002.8781613912874
1530169201.0,1002.7642236116626
1530514801.0,1008.690674342841
