unix_time,value
1529823601.0,0.3422093981863145
1530190801.0,0.1468954248366014
1530558001.0,0.16168300653594767
