unix_time,value
1529823601.0,0.3648005598320499
1530255601.0,0.08083333333333333
1530687601.0,0.14375
