unix_time,value
1529823601.0,1003.7628726010461
1530255601.0,1003.257188141002
1530687601.0,1008.742410632159
