unix_time,value
1529823601.0,1006.7431725954192
1529974801.0,997.5430370647902
1530126001.0,1007.3132285631754
1530277201.0,996.2689256605562
1530428401.0,1008.461220540277
1530579601.0,1005.7689177968088
1530730801.0,1012.5913889865277
1530882001.0,1005.2918688954188
