unix_time,value
1529823601.0,14.952943903569759
1530039601.0,15.380829420970263
1530255601.0,17.09976851851853
1530471601.0,14.75416666666666
1530687601.0,15.506944444444468
1530903601.0,21.45936213991772
