unix_time,value
1529823601.0,0.3763888888888887
1529974801.0,0.1987927565392355
1530126001.0,0.4753999999999999
1530277201.0,0.059722222222222225
1530428401.0,0.09444444444444444
1530579601.0,0.22857142857142854
1530730801.0,0.13670634920634925
1530882001.0,0.030357142857142857
