unix_time,value
1529823601.0,15.026105967078172
1529953201.0,15.919824697086897
1530082801.0,13.4868351764086
1530212401.0,18.335776748971195
1530342001.0,16.245756172839513
1530471601.0,14.171553497942384
1530601201.0,14.83140432098766
1530730801.0,15.860339506172856
1530860401.0,19.45627572016463
1530990001.0,22.724922839506174
