unix_time,value
1529823601.0,15.165539227120815
1530255601.0,15.92696759259259
1530687601.0,17.739101080246932
