unix_time,value
1529823601.0,157.2071378586424
1530255601.0,149.55138888888888
1530687601.0,138.89496527777777
