unix_time,value
1529823601.0,86.3117170228445
1530234001.0,87.08625730994152
1530644401.0,78.70447530864197
