unix_time,value
1529823601.0,15.201220011463262
1530234001.0,15.733227745289144
1530644401.0,17.662594307270265
