unix_time,value
1529823601.0,14.818448291655283
1530190801.0,16.304330065359473
1530558001.0,16.25304103122733
