unix_time,value
1529823601.0,15.658509700176348
1529974801.0,14.404426559356166
1530126001.0,14.917555555555555
1530277201.0,18.982914462081148
1530428401.0,13.986552028218677
1530579601.0,14.655533509700184
1530730801.0,15.73952821869491
1530882001.0,21.024691358024715
