unix_time,value
1529823601.0,0.28821178821178794
1530126001.0,0.26673306772908356
1530428401.0,0.16150793650793654
1530730801.0,0.08353174603174605
