unix_time,value
1529823601.0,159.85924834193074
1530234001.0,146.10380116959064
1530644401.0,141.366512345679
