unix_time,value
1529823601.0,14.873971193415628
1530018001.0,14.765829408686544
1530212401.0,18.45181755829904
1530406801.0,14.050240054869663
1530601201.0,14.466220850480138
1530795601.0,18.965792181069983
