unix_time,value
1529823601.0,15.734374999999988
1529910001.0,15.02372685185186
1529996401.0,15.659891598916014
1530082801.0,13.672661870503573
1530169201.0,15.68692129629632
1530255601.0,18.38078703703705
1530342001.0,17.749421296296305
1530428401.0,13.791087962962964
1530514801.0,14.085455246913583
1530601201.0,15.628086419753092
1530687601.0,13.991705246913575
1530774001.0,16.417824074074076
1530860401.0,20.61496913580248
1530946801.0,19.931905864197542
1531033201.0,nan
