unix_time,value
1529823601.0,87.21784472769409
1530082801.0,81.36533957845434
1530342001.0,90.54745370370371
1530601201.0,84.72569444444444
1530860401.0,73.03645833333333
