unix_time,value
1529823601.0,15.171004159239457
1530104401.0,16.49274058075353
1530385201.0,15.132775403608719
1530666001.0,16.752136752136785
