unix_time,value
1529823601.0,0.28203939745075307
1530082801.0,0.3416861826697888
1530342001.0,0.08055555555555555
1530601201.0,0.21203703703703702
1530860401.0,0.026562500000000003
