unix_time,value
1529823601.0,88.25721352019785
1530190801.0,83.80065359477125
1530558001.0,83.50980392156863
