unix_time,value
1529823601.0,0.3468662301216087
1530147601.0,0.1729629629629629
1530471601.0,0.19861111111111115
1530795601.0,0.0393939393939394
