unix_time,value
1529823601.0,89.83449235048678
1530039601.0,82.53239436619718
1530255601.0,80.94583333333334
1530471601.0,92.12638888888888
1530687601.0,83.77222222222223
1530903601.0,69.77546296296296
