unix_time,value
1529823601.0,87.51169317118803
1530147601.0,81.4074074074074
1530471601.0,90.53425925925926
1530795601.0,74.51136363636364
