unix_time,value
1529823601.0,87.79666958808063
1530169201.0,82.73697916666667
1530514801.0,87.41493055555556
