unix_time,value
1529823601.0,1001.3233161119372
1530082801.0,1007.0667749891873
1530342001.0,1001.6886379152376
1530601201.0,1009.0786965126409
1530860401.0,1006.3519589012855
