unix_time,value
1529823601.0,92.26620370370371
1529953201.0,82.15777262180974
1530082801.0,89.31042654028435
1530212401.0,73.60416666666667
1530342001.0,84.98842592592592
1530471601.0,96.10648148148148
1530601201.0,88.08796296296296
1530730801.0,81.36342592592592
1530860401.0,76.28472222222223
1530990001.0,63.291666666666664
