unix_time,value
1529823601.0,162.99884125144843
1530082801.0,142.54683840749414
1530342001.0,156.68287037037038
1530601201.0,149.2835648148148
1530860401.0,127.17361111111111
