unix_time,value
1529823601.0,90.11458333333333
1529910001.0,89.54861111111111
1529996401.0,81.97212543554006
1530082801.0,89.59352517985612
1530169201.0,79.90625
1530255601.0,74.88194444444444
1530342001.0,78.29166666666667
1530428401.0,97.86805555555556
1530514801.0,95.48263888888889
1530601201.0,86.15625
1530687601.0,84.51041666666667
1530774001.0,83.51041666666667
1530860401.0,72.91319444444444
1530946801.0,73.15972222222223
1531033201.0,nan
