unix_time,value
1529823601.0,1002.5634922318063
1530147601.0,1002.1949480555861
1530471601.0,1007.6818167013836
1530795601.0,1008.4993355869444
