unix_time,value
1529823601.0,15.270061728395053
1529931601.0,14.634942742185078
1530039601.0,15.695079365079376
1530147601.0,15.07530864197533
1530255601.0,17.575154320987668
1530363601.0,16.624382716049393
1530471601.0,14.285802469135806
1530579601.0,15.22253086419754
1530687601.0,13.53672839506175
1530795601.0,17.477160493827167
1530903601.0,22.041203703703722
1531011601.0,18.550154320987648
