unix_time,value
1529823601.0,90.84722222222223
1530018001.0,84.91208791208791
1530212401.0,73.83179012345678
1530406801.0,95.9675925925926
1530601201.0,86.81944444444444
1530795601.0,77.00462962962963
