unix_time,value
1529823601.0,87.90505836575875
1530212401.0,84.8996913580247
1530601201.0,81.91203703703704
