unix_time,value
1529823601.0,177.33333333333334
1529996401.0,150.5203539823009
1530169201.0,130.58159722222223
1530342001.0,157.96180555555554
1530514801.0,150.37152777777777
1530687601.0,150.61631944444446
1530860401.0,127.17361111111111
