unix_time,value
1529823601.0,91.85555555555555
1529931601.0,87.80779944289694
1530039601.0,82.74
1530147601.0,82.33055555555555
1530255601.0,77.01666666666667
1530363601.0,84.875
1530471601.0,95.69166666666666
1530579601.0,88.56111111111112
1530687601.0,87.35
1530795601.0,80.19444444444444
1530903601.0,68.57222222222222
1531011601.0,75.79166666666667
