unix_time,value
1529823601.0,164.05609114811568
1530169201.0,144.27170138888889
1530514801.0,150.49392361111111
