unix_time,value
1529823601.0,160.10972762645915
1530212401.0,148.17592592592592
1530601201.0,141.0895061728395
