unix_time,value
1529823601.0,166.1125158027813
1530061201.0,140.74168797953965
1530298801.0,154.33459595959596
1530536401.0,151.41161616161617
1530774001.0,136.0
