unix_time,value
1529823601.0,163.8512628624883
1530147601.0,139.37037037037038
1530471601.0,155.86666666666667
1530795601.0,133.83459595959596
