unix_time,value
1529823601.0,1003.1228116307572
1530190801.0,1003.1439631335312
1530558001.0,1009.632855803973
