unix_time,value
1529823601.0,165.48678720445062
1530039601.0,148.8225352112676
1530255601.0,140.31666666666666
1530471601.0,158.7861111111111
1530687601.0,142.73055555555555
1530903601.0,132.5023148148148
