unix_time,value
1529823601.0,0.3993055555555557
1529910001.0,0.273263888888889
1529996401.0,0.17317073170731706
1530082801.0,0.5949640287769783
1530169201.0,0.39062500000000017
1530255601.0,0.048263888888888884
1530342001.0,0.07326388888888889
1530428401.0,0.12777777777777777
1530514801.0,0.040625
1530601201.0,0.11423611111111111
1530687601.0,0.4534722222222224
1530774001.0,0.06840277777777777
1530860401.0,0.016666666666666666
1530946801.0,0.036458333333333336
1531033201.0,nan
