unix_time,value
1529823601.0,1003.3924885114617
1530212401.0,1003.2999097738418
1530601201.0,1010.1808362514857
