unix_time,value
1529823601.0,15.472447534440578
1530082801.0,15.939695550351273
1530342001.0,15.208654835390933
1530601201.0,15.345871913580275
1530860401.0,20.27343750000002
