unix_time,value
1529823601.0,1006.3970321836356
1529953201.0,996.237828077192
1530082801.0,1007.6239951010184
1530212401.0,1006.522453491038
1530342001.0,995.2172903946091
1530471601.0,1008.15998543588
1530601201.0,1005.7628706980563
1530730801.0,1012.3945223272223
1530860401.0,1012.385115729171
1530990001.0,988.2524884176406
