unix_time,value
1529823601.0,185.76785714285714
1529974801.0,139.2635814889336
1530126001.0,138.19
1530277201.0,146.109126984127
1530428401.0,163.3095238095238
1530579601.0,146.1329365079365
1530730801.0,145.59325396825398
1530882001.0,129.16071428571428
