unix_time,value
1529823601.0,15.035853035853041
1530126001.0,16.95833333333331
1530428401.0,14.32104276895942
1530730801.0,18.38210978835981
