unix_time,value
1529823601.0,168.6435185185185
1530018001.0,151.42857142857142
1530212401.0,135.35802469135803
1530406801.0,160.99382716049382
1530601201.0,148.51234567901236
1530795601.0,133.66666666666666
