unix_time,value
1529823601.0,1006.8505085982322
1529996401.0,998.8284764511167
1530169201.0,1006.7587942671829
1530342001.0,998.7696529561264
1530514801.0,1006.2484863226705
1530687601.0,1011.1328623630211
1530860401.0,1006.3519589012855
