unix_time,value
1529823601.0,1006.8932302310695
1530018001.0,999.83129442308
1530212401.0,998.6002688675317
1530406801.0,1007.9995506801519
1530601201.0,1007.3630375450609
1530795601.0,1012.9986349579035
