unix_time,value
1529823601.0,185.42592592592592
1529953201.0,140.51972157772622
1530082801.0,154.20142180094786
1530212401.0,131.16203703703704
1530342001.0,146.46759259259258
1530471601.0,166.89814814814815
1530601201.0,147.58564814814815
1530730801.0,150.9814814814815
1530860401.0,124.70138888888889
1530990001.0,134.59027777777777
