unix_time,value
1529823601.0,86.99115044247787
1530061201.0,85.5460358056266
1530298801.0,84.48232323232324
1530536401.0,87.78156565656566
1530774001.0,76.59469696969697
