unix_time,value
1529823601.0,1007.0222951233966
1530039601.0,1000.462133455187
1530255601.0,999.630239095735
1530471601.0,1006.8841371862673
1530687601.0,1011.7087813289752
1530903601.0,1003.7984594707845
