unix_time,value
1529823601.0,15.379050925925904
1529996401.0,14.68210422812194
1530169201.0,17.03385416666667
1530342001.0,15.770254629629632
1530514801.0,14.85677083333333
1530687601.0,15.20476466049385
1530860401.0,20.27343750000002
