unix_time,value
1529823601.0,0.38500000000000006
1529931601.0,0.20111420612813372
1530039601.0,0.4571428571428573
1530147601.0,0.4180555555555556
1530255601.0,0.03861111111111111
1530363601.0,0.06222222222222223
1530471601.0,0.1286111111111111
1530579601.0,0.09388888888888888
1530687601.0,0.3733333333333334
1530795601.0,0.044722222222222226
1530903601.0,0.04194444444444445
1531011601.0,0.0
