unix_time,value
1529823601.0,194.1875
1529910001.0,160.47916666666666
1529996401.0,134.22996515679444
1530082801.0,167.33812949640287
1530169201.0,130.07291666666666
1530255601.0,131.09027777777777
1530342001.0,149.90277777777777
1530428401.0,166.02083333333334
1530514801.0,154.125
1530601201.0,146.61805555555554
1530687601.0,151.39930555555554
1530774001.0,149.83333333333334
1530860401.0,124.84375
1530946801.0,129.50347222222223
1531033201.0,nan
