unix_time,value
1529823601.0,15.033937092219352
1530169201.0,16.402054398148163
1530514801.0,15.030767746913593
