unix_time,value
1529823601.0,86.20643806857943
1530255601.0,86.53611111111111
1530687601.0,78.5234375
