unix_time,value
1529823601.0,162.08021390374333
1530104401.0,137.4341252699784
1530385201.0,161.9017094017094
1530666001.0,141.4145299145299
