unix_time,value
1529823601.0,162.67832167832168
1530126001.0,142.16533864541833
1530428401.0,154.72123015873015
1530730801.0,137.37698412698413
