unix_time,value
1529823601.0,89.45238095238095
1529974801.0,87.33802816901408
1530126001.0,83.392
1530277201.0,73.64285714285714
1530428401.0,96.46031746031746
1530579601.0,89.5297619047619
1530730801.0,81.97222222222223
1530882001.0,71.23809523809524
