unix_time,value
1529823601.0,1005.9086729679169
1529931601.0,1008.1390192904455
1530039601.0,993.4038371487985
1530147601.0,1007.3243659752743
1530255601.0,1005.9481806797465
1530363601.0,993.3122975117248
1530471601.0,1008.6309424451945
1530579601.0,1005.1373319273652
1530687601.0,1009.277175731613
1530795601.0,1014.1403869263345
1530903601.0,1002.8534099194703
1531011601.0,1008.523707227361
