unix_time,value
1529823601.0,0.36028002947678645
1530234001.0,0.0929824561403509
1530644401.0,0.14444444444444443
