unix_time,value
1529823601.0,1000.7612362399128
1530061201.0,1007.3453203152026
1530298801.0,1000.8705845638859
1530536401.0,1006.9900041716686
1530774001.0,1008.779395665419
