unix_time,value
1529823601.0,1005.5100683753104
1529910001.0,1008.1909488211485
1529996401.0,990.2304141185397
1530082801.0,1007.704893319642
1530169201.0,1007.2679263869426
1530255601.0,1006.2496621474298
1530342001.0,988.807477702918
1530428401.0,1008.7318282093422
1530514801.0,1007.5266078334739
1530601201.0,1004.9703648118755
1530687601.0,1008.6953776418769
1530774001.0,1013.5703470841675
1530860401.0,1013.1446985221525
1530946801.0,999.5592192804191
1531033201.0,nan
