unix_time,value
1529823601.0,14.820363164721213
1530212401.0,16.251028806584358
1530601201.0,16.716006515775053
