unix_time,value
1529823601.0,0.29891975308641955
1530018001.0,0.38744113029827293
1530212401.0,0.17839506172839514
1530406801.0,0.07515432098765432
1530601201.0,0.2581790123456791
1530795601.0,0.03472222222222223
