unix_time,value
1529823601.0,89.83159722222223
1529996401.0,85.7221238938053
1530169201.0,77.39409722222223
1530342001.0,88.07986111111111
1530514801.0,90.81944444444444
1530687601.0,84.01041666666667
1530860401.0,73.03645833333333
