unix_time,value
1529823601.0,1003.61034021817
1530234001.0,1003.1963546812103
1530644401.0,1008.3849599060455
