unix_time,value
1529823601.0,88.40259740259741
1530126001.0,78.4980079681275
1530428401.0,92.99503968253968
1530730801.0,76.60515873015873
