unix_time,value
1529823601.0,187.15833333333333
1529931601.0,143.75487465181058
1530039601.0,160.49142857142857
1530147601.0,137.4777777777778
1530255601.0,124.09166666666667
1530363601.0,156.54166666666666
1530471601.0,172.79444444444445
1530579601.0,144.77777777777777
1530687601.0,150.02777777777777
1530795601.0,135.43333333333334
1530903601.0,134.85833333333332
1531011601.0,120.72222222222223
