unix_time,value
1529823601.0,0.35828220858895665
1530169201.0,0.15998263888888897
1530514801.0,0.16918402777777775
