unix_time,value
1529823601.0,0.41342592592592564
1529953201.0,0.15034802784222737
1530082801.0,0.46706161137440716
1530212401.0,0.2192129629629631
1530342001.0,0.05185185185185186
1530471601.0,0.10925925925925925
1530601201.0,0.26458333333333334
1530730801.0,0.1594907407407408
1530860401.0,0.015277777777777777
1530990001.0,0.06041666666666666
