unix_time,value
1529823601.0,0.30771175726927924
1530061201.0,0.36278772378516577
1530298801.0,0.08333333333333333
1530536401.0,0.22121212121212128
1530774001.0,0.04419191919191919
