unix_time,value
1529823601.0,15.61370979070093
1530061201.0,14.61125319693093
1530298801.0,16.651304713804713
1530536401.0,14.737023007856353
1530774001.0,19.028058361391714
