unix_time,value
1529823601.0,15.195925579461598
1530147601.0,16.424948559670774
1530471601.0,14.34835390946503
1530795601.0,19.64927048260384
