unix_time,value
1529823601.0,161.92168178070898
1530190801.0,145.1437908496732
1530558001.0,147.1013071895425
