unix_time,value
1529823601.0,88.07593582887701
1530104401.0,79.5194384449244
1530385201.0,91.01495726495726
1530666001.0,81.21153846153847
