unix_time,value
1529823601.0,0.336284722222222
1529996401.0,0.3807079646017699
1530169201.0,0.21944444444444458
1530342001.0,0.10052083333333332
1530514801.0,0.07743055555555557
1530687601.0,0.2609375
1530860401.0,0.026562500000000003
