unix_time,value
1529823601.0,1002.1752731361569
1530126001.0,1001.7690765084774
1530428401.0,1007.115069168532
1530730801.0,1008.9416289409728
