unix_time,value
1529823601.0,0.29318497913769104
1530039601.0,0.43732394366197136
1530255601.0,0.050416666666666665
1530471601.0,0.11124999999999999
1530687601.0,0.20902777777777773
1530903601.0,0.03495370370370371
