unix_time,value
1529823601.0,1001.7760123840034
1530104401.0,1001.3753123622489
1530385201.0,1007.194120771425
1530666001.0,1011.3225319411243
