unix_time,value
1530255601.0,nan
1530277201.0,nan
1530298801.0,nan
1530320401.0,nan
1530342001.0,nan
1530363601.0,nan
1530385201.0,nan
1530406801.0,nan
1530428401.0,nan
1530450001.0,nan
1530471601.0,21.732608695652175
1530493201.0,16.857499999999998
1530514801.0,14.889027777777777
1530536401.0,17.3027397260274
1530558001.0,21.670138888888893
1530579601.0,16.30972222222222
1530601201.0,14.273333333333333
1530622801.0,16.834931506849312
1530644401.0,23.293749999999992
1530666001.0,16.83027397260274
1530687601.0,14.38432432432432
1530709201.0,15.995277777777781
1530730801.0,20.796986301369863
1530752401.0,16.13138888888889
1530774001.0,13.215277777777784
1530795601.0,16.642297297297297
1530817201.0,28.235342465753416
1530838801.0,23.058611111111116
1530860401.0,17.721527777777776
1530882001.0,20.50328767123288
1530903601.0,31.11666666666666
1530925201.0,25.361944444444443
1530946801.0,18.232916666666668
1530968401.0,22.979178082191783
1530990001.0,32.11888888888889
1531011601.0,22.861944444444447
1531033201.0,15.729305555555552
1531054801.0,18.626666666666672
1531076401.0,28.71624999999999
1531098001.0,nan
1531119601.0,nan
1531141201.0,nan
1531162801.0,nan
1531184401.0,nan
1531206001.0,nan
1531227601.0,nan
1531249201.0,nan
1531270801.0,nan
1531292401.0,nan
1531314001.0,nan
