unix_time,value
1530255601.0,nan
1530266401.0,nan
1530277201.0,nan
1530288001.0,nan
1530298801.0,nan
1530309601.0,nan
1530320401.0,nan
1530331201.0,nan
1530342001.0,nan
1530352801.0,nan
1530363601.0,nan
1530374401.0,nan
1530385201.0,nan
1530396001.0,nan
1530406801.0,nan
1530417601.0,nan
1530428401.0,nan
1530439201.0,nan
1530450001.0,nan
1530460801.0,nan
1530471601.0,nan
1530482401.0,60.48739130434783
1530493201.0,71.63749999999999
1530504001.0,82.55555555555557
1530514801.0,86.05
1530525601.0,86.67777777777778
1530536401.0,81.99513513513514
1530547201.0,67.94722222222224
1530558001.0,58.695833333333326
1530568801.0,59.52527777777776
1530579601.0,71.645
1530590401.0,83.00944444444441
1530601201.0,87.17750000000004
1530612001.0,88.55361111111112
1530622801.0,84.4091891891892
1530633601.0,66.84472222222222
1530644401.0,50.25027777777778
1530655201.0,51.95777777777777
1530666001.0,66.44472222222224
1530676801.0,75.71675675675674
1530687601.0,80.3910810810811
1530698401.0,81.23297297297296
1530709201.0,78.65722222222223
1530720001.0,68.13583333333334
1530730801.0,57.61702702702703
1530741601.0,56.73055555555557
1530752401.0,66.26305555555557
1530763201.0,79.23611111111109
1530774001.0,84.06
1530784801.0,89.41694444444443
1530795601.0,85.24194444444441
1530806401.0,64.16157894736841
1530817201.0,38.780810810810806
1530828001.0,28.25444444444445
1530838801.0,42.48333333333332
1530849601.0,57.47666666666666
1530860401.0,65.74888888888887
1530871201.0,66.93055555555557
1530882001.0,68.07
1530892801.0,52.70864864864866
1530903601.0,30.02777777777778
1530914401.0,25.104166666666668
1530925201.0,31.816388888888884
1530936001.0,53.018888888888895
1530946801.0,65.65722222222222
1530957601.0,74.3138888888889
1530968401.0,66.1227027027027
1530979201.0,29.54638888888889
1530990001.0,18.980000000000004
1531000801.0,19.61888888888889
1531011601.0,39.57138888888889
1531022401.0,61.2438888888889
1531033201.0,77.28333333333332
1531044001.0,84.22444444444446
1531054801.0,83.94999999999999
1531065601.0,55.025555555555556
1531076401.0,34.35138888888889
1531087201.0,27.570000000000004
1531098001.0,nan
1531108801.0,nan
1531119601.0,nan
1531130401.0,nan
1531141201.0,nan
1531152001.0,nan
1531162801.0,nan
1531173601.0,nan
1531184401.0,nan
1531195201.0,nan
1531206001.0,nan
1531216801.0,nan
1531227601.0,nan
1531238401.0,nan
1531249201.0,nan
1531260001.0,nan
1531270801.0,nan
1531281601.0,nan
1531292401.0,nan
1531303201.0,nan
1531314001.0,nan
1531324801.0,nan
1531335601.0,nan
