unix_time,value
1530255601.0,nan
1530277201.0,nan
1530298801.0,nan
1530320401.0,nan
1530342001.0,nan
1530363601.0,nan
1530385201.0,nan
1530406801.0,nan
1530428401.0,16.298611111111107
1530450001.0,20.458333333333336
1530471601.0,20.861111111111118
1530493201.0,14.371913580246918
1530514801.0,13.28703703703704
1530536401.0,16.160493827160494
1530558001.0,19.976851851851855
1530579601.0,14.685956790123457
1530601201.0,13.25540123456792
1530622801.0,16.308641975308646
1530644401.0,21.442901234567902
1530666001.0,14.219907407407403
1530687601.0,12.282407407407405
1530709201.0,15.458333333333336
1530730801.0,19.72453703703704
1530752401.0,14.046296296296294
1530774001.0,11.688271604938286
1530795601.0,16.17978395061728
1530817201.0,27.36342592592593
1530838801.0,19.670524691358025
1530860401.0,15.203703703703702
1530882001.0,19.279320987654316
1530903601.0,30.375771604938265
1530925201.0,22.25385802469136
1530946801.0,14.922839506172844
1530968401.0,22.62808641975308
1530990001.0,30.22839506172839
1531011601.0,20.07947530864198
1531033201.0,nan
1531054801.0,nan
1531076401.0,nan
1531098001.0,nan
1531119601.0,nan
1531141201.0,nan
1531162801.0,nan
1531184401.0,nan
1531206001.0,nan
1531227601.0,nan
1531249201.0,nan
1531270801.0,nan
1531292401.0,nan
1531314001.0,nan
1531335601.0,nan
1531357201.0,nan
1531378801.0,nan
1531400401.0,nan
1531422001.0,nan
1531443601.0,nan
1531465201.0,nan
1531486801.0,nan
