unix_time,value
1530255601.0,nan
1530277201.0,nan
1530298801.0,nan
1530320401.0,nan
1530342001.0,nan
1530363601.0,nan
1530385201.0,nan
1530406801.0,nan
1530428401.0,90.0
1530450001.0,78.25
1530471601.0,68.125
1530493201.0,83.83333333333333
1530514801.0,92.125
1530536401.0,84.91666666666667
1530558001.0,71.625
1530579601.0,87.16666666666667
1530601201.0,91.41666666666667
1530622801.0,78.54166666666667
1530644401.0,59.416666666666664
1530666001.0,80.33333333333333
1530687601.0,87.29166666666667
1530709201.0,78.29166666666667
1530730801.0,63.34782608695652
1530752401.0,79.41666666666667
1530774001.0,91.16666666666667
1530795601.0,74.625
1530817201.0,37.166666666666664
1530838801.0,62.541666666666664
1530860401.0,78.20833333333333
1530882001.0,66.16666666666667
1530903601.0,28.333333333333332
1530925201.0,45.416666666666664
1530946801.0,74.66666666666667
1530968401.0,52.375
1530990001.0,22.916666666666668
1531011601.0,49.583333333333336
1531033201.0,nan
1531054801.0,nan
1531076401.0,nan
1531098001.0,nan
1531119601.0,nan
1531141201.0,nan
1531162801.0,nan
1531184401.0,nan
1531206001.0,nan
1531227601.0,nan
1531249201.0,nan
1531270801.0,nan
1531292401.0,nan
1531314001.0,nan
1531335601.0,nan
1531357201.0,nan
1531378801.0,nan
1531400401.0,nan
1531422001.0,nan
1531443601.0,nan
1531465201.0,nan
1531486801.0,nan
