unix_time,value
1530255601.0,1043.3422299300003
1530270001.0,1043.6032630260427
1530284401.0,1043.8219664308342
1530298801.0,1042.7566692010416
1530313201.0,1041.5246448200007
1530327601.0,1041.9588595946811
1530342001.0,1041.6984269197915
1530356401.0,1042.1922733177084
1530370801.0,1042.7355043554169
1530385201.0,1042.0300095012503
1530399601.0,1042.0158996041666
1530414001.0,1043.2716804445838
1530428401.0,1043.5468234377088
1530442801.0,1044.4687180399999
1530457201.0,1045.0706923227085
1530471601.0,1044.9273417725526
1530486001.0,1044.830824072292
1530500401.0,1045.2329561391668
1530514801.0,1044.5697909762505
1530529201.0,1044.3722524170828
1530543601.0,1044.9386639999993
1530558001.0,1044.2716818740425
1530572401.0,1042.5889341999994
1530586801.0,1042.107613935209
1530601201.0,1040.942947004681
1530615601.0,1040.823613300625
1530630001.0,1041.6984269197917
1530644401.0,1041.2045805218756
1530658801.0,1040.5625802045834
1530673201.0,1041.9312402216663
1530687601.0,1042.5309108477084
1530702001.0,1043.836076327917
1530716401.0,1045.6350882060422
1530730801.0,1045.430494698334
1530745201.0,1044.541571182083
1530759601.0,1046.9120338920839
1530774001.0,1048.2101444237505
1530788401.0,1049.34095189
1530802801.0,1050.4536180599994
1530817201.0,1050.425398265833
1530831601.0,1050.0389598600002
1530846001.0,1051.631794466459
1530860401.0,1051.1591129141661
1530874801.0,1050.2662866604257
1530889201.0,1050.7300568599992
1530903601.0,1049.3008094472345
1530918001.0,1047.7168739399992
1530932401.0,1048.220051372766
1530946801.0,1047.6615861799987
1530961201.0,1047.5427763127657
1530975601.0,1047.3282758560415
1530990001.0,1046.1688166600004
1531004401.0,1044.6756152043745
1531018801.0,1045.3524399485111
1531033201.0,1045.6139233604174
1531047601.0,1046.0301653243755
1531062001.0,1046.7850448183328
1531076401.0,1046.3830567300001
1531090801.0,1045.568591563405
1531105201.0,1046.915201419999
1531119601.0,1047.3410348055315
1531134001.0,1047.8150673054167
1531148401.0,1048.66367683
1531162801.0,1047.7868475112489
1531177201.0,1046.8132646124993
1531191601.0,1047.3698550208508
1531206001.0,nan
1531220401.0,nan
1531234801.0,nan
1531249201.0,nan
1531263601.0,nan
1531278001.0,nan
1531292401.0,nan
1531306801.0,nan
1531321201.0,nan
1531335601.0,nan
1531350001.0,nan
1531364401.0,nan
1531378801.0,nan
1531393201.0,nan
1531407601.0,nan
1531422001.0,nan
1531436401.0,nan
1531450801.0,nan
1531465201.0,nan
1531479601.0,nan
1531494001.0,nan
